{
	"class_name" : "PinholeCameraParameters",
	"extrinsic" : 
	[
		0.55122586382229211,
		0.41284100133998469,
		-0.72506024209438402,
		0.0,
		0.83156414323358918,
		-0.3428663193339907,
		0.43697112347905642,
		0.0,
		-0.068199140328561933,
		-0.84380388401509543,
		-0.53230055662143028,
		0.0,
		-6.9933956195190632,
		-5.1114902644601585,
		75.971951558821999,
		1.0
	],
	"intrinsic" : 
	{
		"height" : 1080,
		"intrinsic_matrix" : 
		[
			935.30743608719376,
			0.0,
			0.0,
			0.0,
			935.30743608719376,
			0.0,
			959.5,
			539.5,
			1.0
		],
		"width" : 1920
	},
	"version_major" : 1,
	"version_minor" : 0
}